session_id,timestamp,condition,history_category,history_intensity,history_video_count,video_id,url,previous_url,previous_2_url,category,previous_category,previous_2_category,depth,total_seen_depth,watch_time,is_sponsored,include_in_prediction,sponsored_skipped_before
20260428_150650,2026-04-28T15:07:12.788121,neutral,neutral,0,0,lFrIiPEUsU0,https://www.youtube.com/shorts/lFrIiPEUsU0,,,People & Blogs,,,1,1,1.5,0,1,0
20260428_150650,2026-04-28T15:07:23.891539,neutral,neutral,0,0,PhSN891_gN8,https://www.youtube.com/shorts/PhSN891_gN8,https://www.youtube.com/shorts/lFrIiPEUsU0,,Film & Animation,People & Blogs,,2,2,1.5,0,1,0
20260428_150650,2026-04-28T15:07:32.647360,neutral,neutral,0,0,9cWPEHLryx4,https://www.youtube.com/shorts/9cWPEHLryx4,https://www.youtube.com/shorts/PhSN891_gN8,https://www.youtube.com/shorts/lFrIiPEUsU0,Sports,Film & Animation,People & Blogs,3,3,1.5,0,1,0
20260428_150650,2026-04-28T15:07:52.038623,neutral,neutral,0,0,rQlaadykqgI,https://www.youtube.com/shorts/rQlaadykqgI,https://www.youtube.com/shorts/9cWPEHLryx4,https://www.youtube.com/shorts/PhSN891_gN8,Gaming,Sports,Film & Animation,4,5,1.5,0,1,1
20260428_150650,2026-04-28T15:08:02.483875,neutral,neutral,0,0,jfF-F16k__k,https://www.youtube.com/shorts/jfF-F16k__k,https://www.youtube.com/shorts/rQlaadykqgI,https://www.youtube.com/shorts/9cWPEHLryx4,Gaming,Gaming,Sports,5,6,1.5,0,1,1
20260428_150650,2026-04-28T15:08:12.108167,neutral,neutral,0,0,50jMfdp7erU,https://www.youtube.com/shorts/50jMfdp7erU,https://www.youtube.com/shorts/jfF-F16k__k,https://www.youtube.com/shorts/rQlaadykqgI,Entertainment,Gaming,Gaming,6,7,1.5,0,1,1
20260428_150650,2026-04-28T15:08:20.694887,neutral,neutral,0,0,1LauKtbgkpo,https://www.youtube.com/shorts/1LauKtbgkpo,https://www.youtube.com/shorts/50jMfdp7erU,https://www.youtube.com/shorts/jfF-F16k__k,Education,Entertainment,Gaming,7,8,1.5,0,1,1
20260428_150650,2026-04-28T15:08:38.683730,neutral,neutral,0,0,iNwW5toFAe8,https://www.youtube.com/shorts/iNwW5toFAe8,https://www.youtube.com/shorts/1LauKtbgkpo,https://www.youtube.com/shorts/50jMfdp7erU,People & Blogs,Education,Entertainment,8,10,1.5,0,1,2
20260428_150650,2026-04-28T15:08:47.754273,neutral,neutral,0,0,BY39DpvNJjY,https://www.youtube.com/shorts/BY39DpvNJjY,https://www.youtube.com/shorts/iNwW5toFAe8,https://www.youtube.com/shorts/1LauKtbgkpo,Entertainment,People & Blogs,Education,9,11,1.5,0,1,2
20260428_150650,2026-04-28T15:08:56.955606,neutral,neutral,0,0,nGp8uGp4hkM,https://www.youtube.com/shorts/nGp8uGp4hkM,https://www.youtube.com/shorts/BY39DpvNJjY,https://www.youtube.com/shorts/iNwW5toFAe8,Entertainment,Entertainment,People & Blogs,10,12,1.5,0,1,2
20260428_150650,2026-04-28T15:09:06.361648,neutral,neutral,0,0,F62_IA4Peos,https://www.youtube.com/shorts/F62_IA4Peos,https://www.youtube.com/shorts/nGp8uGp4hkM,https://www.youtube.com/shorts/BY39DpvNJjY,Sports,Entertainment,Entertainment,11,13,1.5,0,1,2
20260428_150650,2026-04-28T15:09:25.414412,neutral,neutral,0,0,si3-2ll-K6E,https://www.youtube.com/shorts/si3-2ll-K6E,https://www.youtube.com/shorts/F62_IA4Peos,https://www.youtube.com/shorts/nGp8uGp4hkM,Entertainment,Sports,Entertainment,12,15,1.5,0,1,3
20260428_150650,2026-04-28T15:09:34.660112,neutral,neutral,0,0,_762dULWX2M,https://www.youtube.com/shorts/_762dULWX2M,https://www.youtube.com/shorts/si3-2ll-K6E,https://www.youtube.com/shorts/F62_IA4Peos,People & Blogs,Entertainment,Sports,13,16,1.5,0,1,3
20260428_150650,2026-04-28T15:09:43.967867,neutral,neutral,0,0,lW-l6olG_iA,https://www.youtube.com/shorts/lW-l6olG_iA,https://www.youtube.com/shorts/_762dULWX2M,https://www.youtube.com/shorts/si3-2ll-K6E,Education,People & Blogs,Entertainment,14,17,1.5,0,1,3
20260428_150650,2026-04-28T15:09:53.156952,neutral,neutral,0,0,SdnYWKfAh9M,https://www.youtube.com/shorts/SdnYWKfAh9M,https://www.youtube.com/shorts/lW-l6olG_iA,https://www.youtube.com/shorts/_762dULWX2M,Entertainment,Education,People & Blogs,15,18,1.5,0,1,3
20260428_151000,2026-04-28T15:10:24.512091,neutral,neutral,0,0,R-KWPccZrP4,https://www.youtube.com/shorts/R-KWPccZrP4,,,Film & Animation,,,1,1,1.5,0,1,0
20260428_151000,2026-04-28T15:10:35.622541,neutral,neutral,0,0,7a6nTMXl5WM,https://www.youtube.com/shorts/7a6nTMXl5WM,https://www.youtube.com/shorts/R-KWPccZrP4,,People & Blogs,Film & Animation,,2,2,1.5,0,1,0
20260428_151000,2026-04-28T15:10:45.191668,neutral,neutral,0,0,w47z1nMS1VA,https://www.youtube.com/shorts/w47z1nMS1VA,https://www.youtube.com/shorts/7a6nTMXl5WM,https://www.youtube.com/shorts/R-KWPccZrP4,Entertainment,People & Blogs,Film & Animation,3,3,1.5,0,1,0
20260428_151000,2026-04-28T15:11:04.406412,neutral,neutral,0,0,BbuB_RLAsCY,https://www.youtube.com/shorts/BbuB_RLAsCY,https://www.youtube.com/shorts/w47z1nMS1VA,https://www.youtube.com/shorts/7a6nTMXl5WM,Entertainment,Entertainment,People & Blogs,4,5,1.5,0,1,1
20260428_151000,2026-04-28T15:11:13.645425,neutral,neutral,0,0,pvCnVHbo36g,https://www.youtube.com/shorts/pvCnVHbo36g,https://www.youtube.com/shorts/BbuB_RLAsCY,https://www.youtube.com/shorts/w47z1nMS1VA,People & Blogs,Entertainment,Entertainment,5,6,1.5,0,1,1
20260428_151000,2026-04-28T15:11:32.393970,neutral,neutral,0,0,s-UzSNN076k,https://www.youtube.com/shorts/s-UzSNN076k,https://www.youtube.com/shorts/pvCnVHbo36g,https://www.youtube.com/shorts/BbuB_RLAsCY,Entertainment,People & Blogs,Entertainment,6,8,1.5,0,1,2
20260428_151000,2026-04-28T15:11:40.997560,neutral,neutral,0,0,oncROCIr_uw,https://www.youtube.com/shorts/oncROCIr_uw,https://www.youtube.com/shorts/s-UzSNN076k,https://www.youtube.com/shorts/pvCnVHbo36g,People & Blogs,Entertainment,People & Blogs,7,9,1.5,0,1,2
20260428_151000,2026-04-28T15:11:59.621865,neutral,neutral,0,0,MIY9pqq3i80,https://www.youtube.com/shorts/MIY9pqq3i80,https://www.youtube.com/shorts/oncROCIr_uw,https://www.youtube.com/shorts/s-UzSNN076k,People & Blogs,People & Blogs,Entertainment,8,11,1.5,0,1,3
20260428_151000,2026-04-28T15:12:13.317976,neutral,neutral,0,0,OoBf9tfZRMc,https://www.youtube.com/shorts/OoBf9tfZRMc,https://www.youtube.com/shorts/MIY9pqq3i80,https://www.youtube.com/shorts/oncROCIr_uw,People & Blogs,People & Blogs,People & Blogs,9,12,1.5,0,1,3
20260428_151000,2026-04-28T15:12:32.597728,neutral,neutral,0,0,SSWelvho0GE,https://www.youtube.com/shorts/SSWelvho0GE,https://www.youtube.com/shorts/OoBf9tfZRMc,https://www.youtube.com/shorts/MIY9pqq3i80,People & Blogs,People & Blogs,People & Blogs,10,14,1.5,0,1,4
20260428_151000,2026-04-28T15:12:41.839366,neutral,neutral,0,0,HQMTRUqg_aM,https://www.youtube.com/shorts/HQMTRUqg_aM,https://www.youtube.com/shorts/SSWelvho0GE,https://www.youtube.com/shorts/OoBf9tfZRMc,Pets & Animals,People & Blogs,People & Blogs,11,15,1.5,0,1,4
20260428_151000,2026-04-28T15:12:51.130925,neutral,neutral,0,0,xKU0mjkV598,https://www.youtube.com/shorts/xKU0mjkV598,https://www.youtube.com/shorts/HQMTRUqg_aM,https://www.youtube.com/shorts/SSWelvho0GE,Entertainment,Pets & Animals,People & Blogs,12,16,1.5,0,1,4
20260428_151000,2026-04-28T15:13:00.311979,neutral,neutral,0,0,5zw0qhvZoho,https://www.youtube.com/shorts/5zw0qhvZoho,https://www.youtube.com/shorts/xKU0mjkV598,https://www.youtube.com/shorts/HQMTRUqg_aM,People & Blogs,Entertainment,Pets & Animals,13,17,1.5,0,1,4
20260428_151000,2026-04-28T15:13:19.803258,neutral,neutral,0,0,qtxUtMhDqYI,https://www.youtube.com/shorts/qtxUtMhDqYI,https://www.youtube.com/shorts/5zw0qhvZoho,https://www.youtube.com/shorts/xKU0mjkV598,Music,People & Blogs,Entertainment,14,19,1.5,0,1,5
20260428_151000,2026-04-28T15:13:29.266312,neutral,neutral,0,0,20Pk0xtz_ow,https://www.youtube.com/shorts/20Pk0xtz_ow,https://www.youtube.com/shorts/qtxUtMhDqYI,https://www.youtube.com/shorts/5zw0qhvZoho,People & Blogs,Music,People & Blogs,15,20,1.5,0,1,5
20260428_151336,2026-04-28T15:13:58.446986,neutral,neutral,0,0,oHlXU0xiPAY,https://www.youtube.com/shorts/oHlXU0xiPAY,,,People & Blogs,,,1,1,1.5,0,1,0
20260428_151336,2026-04-28T15:14:09.415138,neutral,neutral,0,0,BY39DpvNJjY,https://www.youtube.com/shorts/BY39DpvNJjY,https://www.youtube.com/shorts/oHlXU0xiPAY,,Entertainment,People & Blogs,,2,2,1.5,0,1,0
20260428_151336,2026-04-28T15:14:18.743686,neutral,neutral,0,0,1LauKtbgkpo,https://www.youtube.com/shorts/1LauKtbgkpo,https://www.youtube.com/shorts/BY39DpvNJjY,https://www.youtube.com/shorts/oHlXU0xiPAY,Education,Entertainment,People & Blogs,3,3,1.5,0,1,0
20260428_151336,2026-04-28T15:14:38.589477,neutral,neutral,0,0,bY1YaTLlCN8,https://www.youtube.com/shorts/bY1YaTLlCN8,https://www.youtube.com/shorts/1LauKtbgkpo,https://www.youtube.com/shorts/BY39DpvNJjY,People & Blogs,Education,Entertainment,4,5,1.5,0,1,1
20260428_151336,2026-04-28T15:14:47.953908,neutral,neutral,0,0,pb03xNT6Tv8,https://www.youtube.com/shorts/pb03xNT6Tv8,https://www.youtube.com/shorts/bY1YaTLlCN8,https://www.youtube.com/shorts/1LauKtbgkpo,People & Blogs,People & Blogs,Education,5,6,1.5,0,1,1
20260428_151336,2026-04-28T15:14:57.190264,neutral,neutral,0,0,py3S6ixjn-Q,https://www.youtube.com/shorts/py3S6ixjn-Q,https://www.youtube.com/shorts/pb03xNT6Tv8,https://www.youtube.com/shorts/bY1YaTLlCN8,People & Blogs,People & Blogs,People & Blogs,6,7,1.5,0,1,1
20260428_151336,2026-04-28T15:15:06.292196,neutral,neutral,0,0,0vkuY29IOUA,https://www.youtube.com/shorts/0vkuY29IOUA,https://www.youtube.com/shorts/py3S6ixjn-Q,https://www.youtube.com/shorts/pb03xNT6Tv8,Film & Animation,People & Blogs,People & Blogs,7,8,1.5,0,1,1
20260428_151336,2026-04-28T15:15:15.798833,neutral,neutral,0,0,idcLxN17vD0,https://www.youtube.com/shorts/idcLxN17vD0,https://www.youtube.com/shorts/0vkuY29IOUA,https://www.youtube.com/shorts/py3S6ixjn-Q,People & Blogs,Film & Animation,People & Blogs,8,9,1.5,0,1,1
20260428_151336,2026-04-28T15:15:24.758945,neutral,neutral,0,0,R0zK-BMIyv4,https://www.youtube.com/shorts/R0zK-BMIyv4,https://www.youtube.com/shorts/idcLxN17vD0,https://www.youtube.com/shorts/0vkuY29IOUA,People & Blogs,People & Blogs,Film & Animation,9,10,1.5,0,1,1
20260428_151336,2026-04-28T15:15:43.069757,neutral,neutral,0,0,BoFdyiQkll4,https://www.youtube.com/shorts/BoFdyiQkll4,https://www.youtube.com/shorts/R0zK-BMIyv4,https://www.youtube.com/shorts/idcLxN17vD0,People & Blogs,People & Blogs,People & Blogs,10,12,1.5,0,1,2
20260428_151336,2026-04-28T15:15:52.196930,neutral,neutral,0,0,IhgYC8EN4ZI,https://www.youtube.com/shorts/IhgYC8EN4ZI,https://www.youtube.com/shorts/BoFdyiQkll4,https://www.youtube.com/shorts/R0zK-BMIyv4,Music,People & Blogs,People & Blogs,11,13,1.5,0,1,2
20260428_151336,2026-04-28T15:16:01.011547,neutral,neutral,0,0,3ewR88sr4ZU,https://www.youtube.com/shorts/3ewR88sr4ZU,https://www.youtube.com/shorts/IhgYC8EN4ZI,https://www.youtube.com/shorts/BoFdyiQkll4,People & Blogs,Music,People & Blogs,12,14,1.5,0,1,2
20260428_151336,2026-04-28T15:16:10.817835,neutral,neutral,0,0,tGX8gCjI2c4,https://www.youtube.com/shorts/tGX8gCjI2c4,https://www.youtube.com/shorts/3ewR88sr4ZU,https://www.youtube.com/shorts/IhgYC8EN4ZI,People & Blogs,People & Blogs,Music,13,15,1.5,0,1,2
20260428_151336,2026-04-28T15:16:30.030122,neutral,neutral,0,0,tkvMIk_Jkc0,https://www.youtube.com/shorts/tkvMIk_Jkc0,https://www.youtube.com/shorts/tGX8gCjI2c4,https://www.youtube.com/shorts/3ewR88sr4ZU,People & Blogs,People & Blogs,People & Blogs,14,17,1.5,0,1,3
20260428_151336,2026-04-28T15:16:39.214426,neutral,neutral,0,0,LPzb9wzju0A,https://www.youtube.com/shorts/LPzb9wzju0A,https://www.youtube.com/shorts/tkvMIk_Jkc0,https://www.youtube.com/shorts/tGX8gCjI2c4,People & Blogs,People & Blogs,People & Blogs,15,18,1.5,0,1,3
20260428_151646,2026-04-28T15:17:08.837351,neutral,neutral,0,0,SMQsiHqThH8,https://www.youtube.com/shorts/SMQsiHqThH8,,,People & Blogs,,,1,1,1.5,0,1,0
20260428_151646,2026-04-28T15:17:20.338377,neutral,neutral,0,0,1Tl0q23cXi8,https://www.youtube.com/shorts/1Tl0q23cXi8,https://www.youtube.com/shorts/SMQsiHqThH8,,People & Blogs,People & Blogs,,2,2,1.5,0,1,0
20260428_151646,2026-04-28T15:17:29.434753,neutral,neutral,0,0,zXxt861gbNI,https://www.youtube.com/shorts/zXxt861gbNI,https://www.youtube.com/shorts/1Tl0q23cXi8,https://www.youtube.com/shorts/SMQsiHqThH8,People & Blogs,People & Blogs,People & Blogs,3,3,1.5,0,1,0
20260428_151646,2026-04-28T15:17:50.223445,neutral,neutral,0,0,jyOzsmMDOEE,https://www.youtube.com/shorts/jyOzsmMDOEE,https://www.youtube.com/shorts/zXxt861gbNI,https://www.youtube.com/shorts/1Tl0q23cXi8,Gaming,People & Blogs,People & Blogs,4,5,1.5,0,1,1
20260428_151646,2026-04-28T15:17:59.732044,neutral,neutral,0,0,_Cj7aRGj8eM,https://www.youtube.com/shorts/_Cj7aRGj8eM,https://www.youtube.com/shorts/jyOzsmMDOEE,https://www.youtube.com/shorts/zXxt861gbNI,People & Blogs,Gaming,People & Blogs,5,6,1.5,0,1,1
20260428_151646,2026-04-28T15:18:08.771242,neutral,neutral,0,0,B5NW2vkgk8A,https://www.youtube.com/shorts/B5NW2vkgk8A,https://www.youtube.com/shorts/_Cj7aRGj8eM,https://www.youtube.com/shorts/jyOzsmMDOEE,Entertainment,People & Blogs,Gaming,6,7,1.5,0,1,1
20260428_151646,2026-04-28T15:18:27.987542,neutral,neutral,0,0,CpBW4b4N47I,https://www.youtube.com/shorts/CpBW4b4N47I,https://www.youtube.com/shorts/B5NW2vkgk8A,https://www.youtube.com/shorts/_Cj7aRGj8eM,Education,Entertainment,People & Blogs,7,9,1.5,0,1,2
20260428_151646,2026-04-28T15:18:37.404215,neutral,neutral,0,0,YN1ZHBDcJP8,https://www.youtube.com/shorts/YN1ZHBDcJP8,https://www.youtube.com/shorts/CpBW4b4N47I,https://www.youtube.com/shorts/B5NW2vkgk8A,Gaming,Education,Entertainment,8,10,1.5,0,1,2
20260428_151646,2026-04-28T15:18:57.879761,neutral,neutral,0,0,I9GcA3shryQ,https://www.youtube.com/shorts/I9GcA3shryQ,https://www.youtube.com/shorts/YN1ZHBDcJP8,https://www.youtube.com/shorts/CpBW4b4N47I,Gaming,Gaming,Education,9,12,1.5,0,1,3
20260428_151646,2026-04-28T15:19:07.079347,neutral,neutral,0,0,5CTZD95hXvY,https://www.youtube.com/shorts/5CTZD95hXvY,https://www.youtube.com/shorts/I9GcA3shryQ,https://www.youtube.com/shorts/YN1ZHBDcJP8,Entertainment,Gaming,Gaming,10,13,1.5,0,1,3
20260428_151646,2026-04-28T15:19:27.186310,neutral,neutral,0,0,4BRB0Ak8LiU,https://www.youtube.com/shorts/4BRB0Ak8LiU,https://www.youtube.com/shorts/5CTZD95hXvY,https://www.youtube.com/shorts/I9GcA3shryQ,Gaming,Entertainment,Gaming,11,15,1.5,0,1,4
20260428_151646,2026-04-28T15:19:36.131385,neutral,neutral,0,0,G2MAxtTeBok,https://www.youtube.com/shorts/G2MAxtTeBok,https://www.youtube.com/shorts/4BRB0Ak8LiU,https://www.youtube.com/shorts/5CTZD95hXvY,Entertainment,Gaming,Entertainment,12,16,1.5,0,1,4
20260428_151646,2026-04-28T15:19:45.494714,neutral,neutral,0,0,R0zK-BMIyv4,https://www.youtube.com/shorts/R0zK-BMIyv4,https://www.youtube.com/shorts/G2MAxtTeBok,https://www.youtube.com/shorts/4BRB0Ak8LiU,People & Blogs,Entertainment,Gaming,13,17,1.5,0,1,4
20260428_151646,2026-04-28T15:19:55.047313,neutral,neutral,0,0,IkGGWSxWoA4,https://www.youtube.com/shorts/IkGGWSxWoA4,https://www.youtube.com/shorts/R0zK-BMIyv4,https://www.youtube.com/shorts/G2MAxtTeBok,Education,People & Blogs,Entertainment,14,18,1.5,0,1,4
20260428_151646,2026-04-28T15:20:04.229480,neutral,neutral,0,0,hfJoX1mqdDg,https://www.youtube.com/shorts/hfJoX1mqdDg,https://www.youtube.com/shorts/IkGGWSxWoA4,https://www.youtube.com/shorts/R0zK-BMIyv4,People & Blogs,Education,People & Blogs,15,19,1.5,0,1,4
20260428_152011,2026-04-28T15:20:33.347619,neutral,neutral,0,0,mdPSx0d1QuE,https://www.youtube.com/shorts/mdPSx0d1QuE,,,Entertainment,,,1,1,1.5,0,1,0
20260428_152011,2026-04-28T15:20:46.471086,neutral,neutral,0,0,IhgYC8EN4ZI,https://www.youtube.com/shorts/IhgYC8EN4ZI,https://www.youtube.com/shorts/mdPSx0d1QuE,,Music,Entertainment,,2,2,1.5,0,1,0
20260428_152011,2026-04-28T15:20:55.962746,neutral,neutral,0,0,PUoxGPFlFjM,https://www.youtube.com/shorts/PUoxGPFlFjM,https://www.youtube.com/shorts/IhgYC8EN4ZI,https://www.youtube.com/shorts/mdPSx0d1QuE,People & Blogs,Music,Entertainment,3,3,1.5,0,1,0
20260428_152011,2026-04-28T15:21:04.996944,neutral,neutral,0,0,6JeNFnkGHOQ,https://www.youtube.com/shorts/6JeNFnkGHOQ,https://www.youtube.com/shorts/PUoxGPFlFjM,https://www.youtube.com/shorts/IhgYC8EN4ZI,Film & Animation,People & Blogs,Music,4,4,1.5,0,1,0
20260428_152011,2026-04-28T15:21:14.466305,neutral,neutral,0,0,0vkuY29IOUA,https://www.youtube.com/shorts/0vkuY29IOUA,https://www.youtube.com/shorts/6JeNFnkGHOQ,https://www.youtube.com/shorts/PUoxGPFlFjM,Film & Animation,Film & Animation,People & Blogs,5,5,1.5,0,1,0
20260428_152011,2026-04-28T15:21:33.769028,neutral,neutral,0,0,5oLFqbHJ2l8,https://www.youtube.com/shorts/5oLFqbHJ2l8,https://www.youtube.com/shorts/0vkuY29IOUA,https://www.youtube.com/shorts/6JeNFnkGHOQ,People & Blogs,Film & Animation,Film & Animation,6,7,1.5,0,1,1
20260428_152011,2026-04-28T15:21:42.832263,neutral,neutral,0,0,G7ClpBqHgMk,https://www.youtube.com/shorts/G7ClpBqHgMk,https://www.youtube.com/shorts/5oLFqbHJ2l8,https://www.youtube.com/shorts/0vkuY29IOUA,Entertainment,People & Blogs,Film & Animation,7,8,1.5,0,1,1
20260428_152011,2026-04-28T15:21:52.873008,neutral,neutral,0,0,rexU1XPPywk,https://www.youtube.com/shorts/rexU1XPPywk,https://www.youtube.com/shorts/G7ClpBqHgMk,https://www.youtube.com/shorts/5oLFqbHJ2l8,,Entertainment,People & Blogs,8,9,1.5,0,1,1
20260428_152011,2026-04-28T15:22:01.854479,neutral,neutral,0,0,k9ZCLC0pouY,https://www.youtube.com/shorts/k9ZCLC0pouY,https://www.youtube.com/shorts/rexU1XPPywk,https://www.youtube.com/shorts/G7ClpBqHgMk,People & Blogs,,Entertainment,9,10,1.5,0,1,1
20260428_152011,2026-04-28T15:22:10.710467,neutral,neutral,0,0,8XMbwKMPono,https://www.youtube.com/shorts/8XMbwKMPono,https://www.youtube.com/shorts/k9ZCLC0pouY,https://www.youtube.com/shorts/rexU1XPPywk,Entertainment,People & Blogs,,10,11,1.5,0,1,1
20260428_152011,2026-04-28T15:22:24.008077,neutral,neutral,0,0,3Rq1NxMBcMc,https://www.youtube.com/shorts/3Rq1NxMBcMc,https://www.youtube.com/shorts/8XMbwKMPono,https://www.youtube.com/shorts/k9ZCLC0pouY,People & Blogs,Entertainment,People & Blogs,11,12,1.5,0,1,1
20260428_152011,2026-04-28T15:22:33.282600,neutral,neutral,0,0,FvZWKnkNXCw,https://www.youtube.com/shorts/FvZWKnkNXCw,https://www.youtube.com/shorts/3Rq1NxMBcMc,https://www.youtube.com/shorts/8XMbwKMPono,People & Blogs,People & Blogs,Entertainment,12,13,1.5,0,1,1
20260428_152011,2026-04-28T15:22:42.536551,neutral,neutral,0,0,pARNnZt1JIE,https://www.youtube.com/shorts/pARNnZt1JIE,https://www.youtube.com/shorts/FvZWKnkNXCw,https://www.youtube.com/shorts/3Rq1NxMBcMc,Entertainment,People & Blogs,People & Blogs,13,14,1.5,0,1,1
20260428_152011,2026-04-28T15:23:00.424541,neutral,neutral,0,0,X9K0f3L-Pd8,https://www.youtube.com/shorts/X9K0f3L-Pd8,https://www.youtube.com/shorts/pARNnZt1JIE,https://www.youtube.com/shorts/FvZWKnkNXCw,Gaming,Entertainment,People & Blogs,14,16,1.5,0,1,2
20260428_152011,2026-04-28T15:23:09.600070,neutral,neutral,0,0,NiCnwP-0X34,https://www.youtube.com/shorts/NiCnwP-0X34,https://www.youtube.com/shorts/X9K0f3L-Pd8,https://www.youtube.com/shorts/pARNnZt1JIE,People & Blogs,Gaming,Entertainment,15,17,1.5,0,1,2
20260428_152316,2026-04-28T15:23:38.156256,neutral,neutral,0,0,0vkuY29IOUA,https://www.youtube.com/shorts/0vkuY29IOUA,,,Film & Animation,,,1,1,1.5,0,1,0
20260428_152316,2026-04-28T15:23:51.521296,neutral,neutral,0,0,IhgYC8EN4ZI,https://www.youtube.com/shorts/IhgYC8EN4ZI,https://www.youtube.com/shorts/0vkuY29IOUA,,Music,Film & Animation,,2,2,1.5,0,1,0
20260428_152316,2026-04-28T15:24:01.122832,neutral,neutral,0,0,CHnhA4QlS3M,https://www.youtube.com/shorts/CHnhA4QlS3M,https://www.youtube.com/shorts/IhgYC8EN4ZI,https://www.youtube.com/shorts/0vkuY29IOUA,People & Blogs,Music,Film & Animation,3,3,1.5,0,1,0
20260428_152316,2026-04-28T15:24:19.569120,neutral,neutral,0,0,GuqUGF7yXws,https://www.youtube.com/shorts/GuqUGF7yXws,https://www.youtube.com/shorts/CHnhA4QlS3M,https://www.youtube.com/shorts/IhgYC8EN4ZI,People & Blogs,People & Blogs,Music,4,5,1.5,0,1,1
20260428_152316,2026-04-28T15:24:29.063115,neutral,neutral,0,0,Ijs6owsZeVw,https://www.youtube.com/shorts/Ijs6owsZeVw,https://www.youtube.com/shorts/GuqUGF7yXws,https://www.youtube.com/shorts/CHnhA4QlS3M,People & Blogs,People & Blogs,People & Blogs,5,6,1.5,0,1,1
20260428_152316,2026-04-28T15:24:48.590971,neutral,neutral,0,0,tiYA8Eg_xJw,https://www.youtube.com/shorts/tiYA8Eg_xJw,https://www.youtube.com/shorts/Ijs6owsZeVw,https://www.youtube.com/shorts/GuqUGF7yXws,Autos & Vehicles,People & Blogs,People & Blogs,6,8,1.5,0,1,2
20260428_152316,2026-04-28T15:24:58.608873,neutral,neutral,0,0,_Cj7aRGj8eM,https://www.youtube.com/shorts/_Cj7aRGj8eM,https://www.youtube.com/shorts/tiYA8Eg_xJw,https://www.youtube.com/shorts/Ijs6owsZeVw,People & Blogs,Autos & Vehicles,People & Blogs,7,9,1.5,0,1,2
20260428_152316,2026-04-28T15:25:07.962275,neutral,neutral,0,0,St1CmKJY2j4,https://www.youtube.com/shorts/St1CmKJY2j4,https://www.youtube.com/shorts/_Cj7aRGj8eM,https://www.youtube.com/shorts/tiYA8Eg_xJw,People & Blogs,People & Blogs,Autos & Vehicles,8,10,1.5,0,1,2
20260428_152316,2026-04-28T15:25:16.834696,neutral,neutral,0,0,9cWPEHLryx4,https://www.youtube.com/shorts/9cWPEHLryx4,https://www.youtube.com/shorts/St1CmKJY2j4,https://www.youtube.com/shorts/_Cj7aRGj8eM,Sports,People & Blogs,People & Blogs,9,11,1.5,0,1,2
20260428_152316,2026-04-28T15:26:40.588651,neutral,neutral,0,0,vKBsyzUrs-c,https://www.youtube.com/shorts/vKBsyzUrs-c,https://www.youtube.com/shorts/9cWPEHLryx4,https://www.youtube.com/shorts/St1CmKJY2j4,People & Blogs,Sports,People & Blogs,10,13,1.5,0,1,3
20260428_152316,2026-04-28T15:26:49.584709,neutral,neutral,0,0,oq7uz18XrM4,https://www.youtube.com/shorts/oq7uz18XrM4,https://www.youtube.com/shorts/vKBsyzUrs-c,https://www.youtube.com/shorts/9cWPEHLryx4,People & Blogs,People & Blogs,Sports,11,14,1.5,0,1,3
20260428_152316,2026-04-28T15:27:08.027146,neutral,neutral,0,0,0S7t4OpgBD4,https://www.youtube.com/shorts/0S7t4OpgBD4,https://www.youtube.com/shorts/oq7uz18XrM4,https://www.youtube.com/shorts/vKBsyzUrs-c,People & Blogs,People & Blogs,People & Blogs,12,16,1.5,0,1,4
20260428_152316,2026-04-28T15:27:17.440938,neutral,neutral,0,0,MDkOVt_Bf-w,https://www.youtube.com/shorts/MDkOVt_Bf-w,https://www.youtube.com/shorts/0S7t4OpgBD4,https://www.youtube.com/shorts/oq7uz18XrM4,People & Blogs,People & Blogs,People & Blogs,13,17,1.5,0,1,4
20260428_152316,2026-04-28T15:27:37.075336,neutral,neutral,0,0,Z82vjsAxePA,https://www.youtube.com/shorts/Z82vjsAxePA,https://www.youtube.com/shorts/MDkOVt_Bf-w,https://www.youtube.com/shorts/0S7t4OpgBD4,People & Blogs,People & Blogs,People & Blogs,14,19,1.5,0,1,5
20260428_152316,2026-04-28T15:27:47.493627,neutral,neutral,0,0,Cxi3jGyM8zg,https://www.youtube.com/shorts/Cxi3jGyM8zg,https://www.youtube.com/shorts/Z82vjsAxePA,https://www.youtube.com/shorts/MDkOVt_Bf-w,People & Blogs,People & Blogs,People & Blogs,15,20,1.5,0,1,5
20260428_152817,2026-04-28T15:28:39.314709,neutral,neutral,0,0,1Tl0q23cXi8,https://www.youtube.com/shorts/1Tl0q23cXi8,,,People & Blogs,,,1,1,1.5,0,1,0
20260428_152817,2026-04-28T15:28:50.699047,neutral,neutral,0,0,BY39DpvNJjY,https://www.youtube.com/shorts/BY39DpvNJjY,https://www.youtube.com/shorts/1Tl0q23cXi8,,Entertainment,People & Blogs,,2,2,1.5,0,1,0
20260428_152817,2026-04-28T15:29:00.080958,neutral,neutral,0,0,8kKZEbnhf88,https://www.youtube.com/shorts/8kKZEbnhf88,https://www.youtube.com/shorts/BY39DpvNJjY,https://www.youtube.com/shorts/1Tl0q23cXi8,People & Blogs,Entertainment,People & Blogs,3,3,1.5,0,1,0
20260428_152817,2026-04-28T15:29:18.307600,neutral,neutral,0,0,6odRSWJW6pI,https://www.youtube.com/shorts/6odRSWJW6pI,https://www.youtube.com/shorts/8kKZEbnhf88,https://www.youtube.com/shorts/BY39DpvNJjY,Entertainment,People & Blogs,Entertainment,4,5,1.5,0,1,1
20260428_152817,2026-04-28T15:29:27.163009,neutral,neutral,0,0,I9GcA3shryQ,https://www.youtube.com/shorts/I9GcA3shryQ,https://www.youtube.com/shorts/6odRSWJW6pI,https://www.youtube.com/shorts/8kKZEbnhf88,Gaming,Entertainment,People & Blogs,5,6,1.5,0,1,1
20260428_152817,2026-04-28T15:29:45.902099,neutral,neutral,0,0,2ZumQ_byxn8,https://www.youtube.com/shorts/2ZumQ_byxn8,https://www.youtube.com/shorts/I9GcA3shryQ,https://www.youtube.com/shorts/6odRSWJW6pI,People & Blogs,Gaming,Entertainment,6,8,1.5,0,1,2
20260428_152817,2026-04-28T15:29:54.796325,neutral,neutral,0,0,uvivokA9gvg,https://www.youtube.com/shorts/uvivokA9gvg,https://www.youtube.com/shorts/2ZumQ_byxn8,https://www.youtube.com/shorts/I9GcA3shryQ,People & Blogs,People & Blogs,Gaming,7,9,1.5,0,1,2
20260428_152817,2026-04-28T15:30:14.564582,neutral,neutral,0,0,AFD68kfSAWs,https://www.youtube.com/shorts/AFD68kfSAWs,https://www.youtube.com/shorts/uvivokA9gvg,https://www.youtube.com/shorts/2ZumQ_byxn8,People & Blogs,People & Blogs,People & Blogs,8,11,1.5,0,1,3
20260428_152817,2026-04-28T15:30:24.154531,neutral,neutral,0,0,b87aJo6XygY,https://www.youtube.com/shorts/b87aJo6XygY,https://www.youtube.com/shorts/AFD68kfSAWs,https://www.youtube.com/shorts/uvivokA9gvg,People & Blogs,People & Blogs,People & Blogs,9,12,1.5,0,1,3
20260428_152817,2026-04-28T15:30:33.260687,neutral,neutral,0,0,mAdutWNkwJU,https://www.youtube.com/shorts/mAdutWNkwJU,https://www.youtube.com/shorts/b87aJo6XygY,https://www.youtube.com/shorts/AFD68kfSAWs,Education,People & Blogs,People & Blogs,10,13,1.5,0,1,3
20260428_152817,2026-04-28T15:30:43.115462,neutral,neutral,0,0,DlQw7gmvFq8,https://www.youtube.com/shorts/DlQw7gmvFq8,https://www.youtube.com/shorts/mAdutWNkwJU,https://www.youtube.com/shorts/b87aJo6XygY,People & Blogs,Education,People & Blogs,11,14,1.5,0,1,3
20260428_152817,2026-04-28T15:31:02.238695,neutral,neutral,0,0,R0zK-BMIyv4,https://www.youtube.com/shorts/R0zK-BMIyv4,https://www.youtube.com/shorts/DlQw7gmvFq8,https://www.youtube.com/shorts/mAdutWNkwJU,People & Blogs,People & Blogs,Education,12,16,1.5,0,1,4
20260428_152817,2026-04-28T15:31:11.365148,neutral,neutral,0,0,GHyA7JiHhM4,https://www.youtube.com/shorts/GHyA7JiHhM4,https://www.youtube.com/shorts/R0zK-BMIyv4,https://www.youtube.com/shorts/DlQw7gmvFq8,People & Blogs,People & Blogs,People & Blogs,13,17,1.5,0,1,4
20260428_152817,2026-04-28T15:31:20.516447,neutral,neutral,0,0,YCcIIUxAguY,https://www.youtube.com/shorts/YCcIIUxAguY,https://www.youtube.com/shorts/GHyA7JiHhM4,https://www.youtube.com/shorts/R0zK-BMIyv4,People & Blogs,People & Blogs,People & Blogs,14,18,1.5,0,1,4
20260428_152817,2026-04-28T15:31:29.672344,neutral,neutral,0,0,pzxtGL9kzPs,https://www.youtube.com/shorts/pzxtGL9kzPs,https://www.youtube.com/shorts/YCcIIUxAguY,https://www.youtube.com/shorts/GHyA7JiHhM4,Entertainment,People & Blogs,People & Blogs,15,19,1.5,0,1,4
20260428_153136,2026-04-28T15:31:58.990052,neutral,neutral,0,0,l6c9UaelVsw,https://www.youtube.com/shorts/l6c9UaelVsw,,,People & Blogs,,,1,1,1.5,0,1,0
20260428_153136,2026-04-28T15:32:10.288197,neutral,neutral,0,0,jfF-F16k__k,https://www.youtube.com/shorts/jfF-F16k__k,https://www.youtube.com/shorts/l6c9UaelVsw,,Gaming,People & Blogs,,2,2,1.5,0,1,0
20260428_153136,2026-04-28T15:32:19.881734,neutral,neutral,0,0,9cWPEHLryx4,https://www.youtube.com/shorts/9cWPEHLryx4,https://www.youtube.com/shorts/jfF-F16k__k,https://www.youtube.com/shorts/l6c9UaelVsw,Sports,Gaming,People & Blogs,3,3,1.5,0,1,0
20260428_153136,2026-04-28T15:32:38.470504,neutral,neutral,0,0,OSmf1ZkxP3E,https://www.youtube.com/shorts/OSmf1ZkxP3E,https://www.youtube.com/shorts/9cWPEHLryx4,https://www.youtube.com/shorts/jfF-F16k__k,People & Blogs,Sports,Gaming,4,5,1.5,0,1,1
20260428_153136,2026-04-28T15:32:47.166015,neutral,neutral,0,0,0vkuY29IOUA,https://www.youtube.com/shorts/0vkuY29IOUA,https://www.youtube.com/shorts/OSmf1ZkxP3E,https://www.youtube.com/shorts/9cWPEHLryx4,Film & Animation,People & Blogs,Sports,5,6,1.5,0,1,1
20260428_153136,2026-04-28T15:33:06.793466,neutral,neutral,0,0,PXOsZXKkN34,https://www.youtube.com/shorts/PXOsZXKkN34,https://www.youtube.com/shorts/0vkuY29IOUA,https://www.youtube.com/shorts/OSmf1ZkxP3E,Entertainment,Film & Animation,People & Blogs,6,8,1.5,0,1,2
20260428_153136,2026-04-28T15:33:17.060440,neutral,neutral,0,0,b87aJo6XygY,https://www.youtube.com/shorts/b87aJo6XygY,https://www.youtube.com/shorts/PXOsZXKkN34,https://www.youtube.com/shorts/0vkuY29IOUA,People & Blogs,Entertainment,Film & Animation,7,9,1.5,0,1,2
20260428_153136,2026-04-28T15:33:35.786653,neutral,neutral,0,0,473wg7IdNp4,https://www.youtube.com/shorts/473wg7IdNp4,https://www.youtube.com/shorts/b87aJo6XygY,https://www.youtube.com/shorts/PXOsZXKkN34,Entertainment,People & Blogs,Entertainment,8,11,1.5,0,1,3
20260428_153136,2026-04-28T15:33:44.809323,neutral,neutral,0,0,tGX8gCjI2c4,https://www.youtube.com/shorts/tGX8gCjI2c4,https://www.youtube.com/shorts/473wg7IdNp4,https://www.youtube.com/shorts/b87aJo6XygY,People & Blogs,Entertainment,People & Blogs,9,12,1.5,0,1,3
20260428_153136,2026-04-28T15:34:03.901594,neutral,neutral,0,0,NT4K-ApfG2o,https://www.youtube.com/shorts/NT4K-ApfG2o,https://www.youtube.com/shorts/tGX8gCjI2c4,https://www.youtube.com/shorts/473wg7IdNp4,People & Blogs,People & Blogs,Entertainment,10,14,1.5,0,1,4
20260428_153136,2026-04-28T15:34:13.126687,neutral,neutral,0,0,0weoB1H1YiM,https://www.youtube.com/shorts/0weoB1H1YiM,https://www.youtube.com/shorts/NT4K-ApfG2o,https://www.youtube.com/shorts/tGX8gCjI2c4,People & Blogs,People & Blogs,People & Blogs,11,15,1.5,0,1,4
20260428_153136,2026-04-28T15:34:22.591029,neutral,neutral,0,0,lx6W_hY3b_0,https://www.youtube.com/shorts/lx6W_hY3b_0,https://www.youtube.com/shorts/0weoB1H1YiM,https://www.youtube.com/shorts/NT4K-ApfG2o,People & Blogs,People & Blogs,People & Blogs,12,16,1.5,0,1,4
20260428_153136,2026-04-28T15:34:31.604267,neutral,neutral,0,0,4BRB0Ak8LiU,https://www.youtube.com/shorts/4BRB0Ak8LiU,https://www.youtube.com/shorts/lx6W_hY3b_0,https://www.youtube.com/shorts/0weoB1H1YiM,Gaming,People & Blogs,People & Blogs,13,17,1.5,0,1,4
20260428_153136,2026-04-28T15:34:40.986219,neutral,neutral,0,0,BxxqR2aaeKw,https://www.youtube.com/shorts/BxxqR2aaeKw,https://www.youtube.com/shorts/4BRB0Ak8LiU,https://www.youtube.com/shorts/lx6W_hY3b_0,People & Blogs,Gaming,People & Blogs,14,18,1.5,0,1,4
20260428_153136,2026-04-28T15:34:49.969114,neutral,neutral,0,0,R0zK-BMIyv4,https://www.youtube.com/shorts/R0zK-BMIyv4,https://www.youtube.com/shorts/BxxqR2aaeKw,https://www.youtube.com/shorts/4BRB0Ak8LiU,People & Blogs,People & Blogs,Gaming,15,19,1.5,0,1,4
20260428_153457,2026-04-28T15:35:18.200107,neutral,neutral,0,0,9cWPEHLryx4,https://www.youtube.com/shorts/9cWPEHLryx4,,,Sports,,,1,1,1.5,0,1,0
20260428_153457,2026-04-28T15:35:29.056476,neutral,neutral,0,0,Ty560jxR640,https://www.youtube.com/shorts/Ty560jxR640,https://www.youtube.com/shorts/9cWPEHLryx4,,Entertainment,Sports,,2,2,1.5,0,1,0
20260428_153457,2026-04-28T15:35:38.918370,neutral,neutral,0,0,R0zK-BMIyv4,https://www.youtube.com/shorts/R0zK-BMIyv4,https://www.youtube.com/shorts/Ty560jxR640,https://www.youtube.com/shorts/9cWPEHLryx4,People & Blogs,Entertainment,Sports,3,3,1.5,0,1,0
20260428_153457,2026-04-28T15:35:57.526369,neutral,neutral,0,0,PXOsZXKkN34,https://www.youtube.com/shorts/PXOsZXKkN34,https://www.youtube.com/shorts/R0zK-BMIyv4,https://www.youtube.com/shorts/Ty560jxR640,Entertainment,People & Blogs,Entertainment,4,5,1.5,0,1,1
20260428_153457,2026-04-28T15:36:06.725275,neutral,neutral,0,0,_JUlWtSCNbs,https://www.youtube.com/shorts/_JUlWtSCNbs,https://www.youtube.com/shorts/PXOsZXKkN34,https://www.youtube.com/shorts/R0zK-BMIyv4,Entertainment,Entertainment,People & Blogs,5,6,1.5,0,1,1
20260428_153457,2026-04-28T15:36:26.015013,neutral,neutral,0,0,mOWUx3rFU9s,https://www.youtube.com/shorts/mOWUx3rFU9s,https://www.youtube.com/shorts/_JUlWtSCNbs,https://www.youtube.com/shorts/PXOsZXKkN34,People & Blogs,Entertainment,Entertainment,6,8,1.5,0,1,2
20260428_153457,2026-04-28T15:36:34.793627,neutral,neutral,0,0,HuOxdBQ-RTE,https://www.youtube.com/shorts/HuOxdBQ-RTE,https://www.youtube.com/shorts/mOWUx3rFU9s,https://www.youtube.com/shorts/_JUlWtSCNbs,People & Blogs,People & Blogs,Entertainment,7,9,1.5,0,1,2
20260428_153457,2026-04-28T15:36:54.103184,neutral,neutral,0,0,gdluAmBfBzo,https://www.youtube.com/shorts/gdluAmBfBzo,https://www.youtube.com/shorts/HuOxdBQ-RTE,https://www.youtube.com/shorts/mOWUx3rFU9s,People & Blogs,People & Blogs,People & Blogs,8,11,1.5,0,1,3
20260428_153457,2026-04-28T15:37:03.253640,neutral,neutral,0,0,A_hbIDK09LI,https://www.youtube.com/shorts/A_hbIDK09LI,https://www.youtube.com/shorts/gdluAmBfBzo,https://www.youtube.com/shorts/HuOxdBQ-RTE,Comedy,People & Blogs,People & Blogs,9,12,1.5,0,1,3
20260428_153457,2026-04-28T15:37:21.564308,neutral,neutral,0,0,93_DKa-3jLQ,https://www.youtube.com/shorts/93_DKa-3jLQ,https://www.youtube.com/shorts/A_hbIDK09LI,https://www.youtube.com/shorts/gdluAmBfBzo,People & Blogs,Comedy,People & Blogs,10,14,1.5,0,1,4
20260428_153457,2026-04-28T15:37:30.862286,neutral,neutral,0,0,5zMGA_UP2uc,https://www.youtube.com/shorts/5zMGA_UP2uc,https://www.youtube.com/shorts/93_DKa-3jLQ,https://www.youtube.com/shorts/A_hbIDK09LI,Film & Animation,People & Blogs,Comedy,11,15,1.5,0,1,4
20260428_153457,2026-04-28T15:37:40.526775,neutral,neutral,0,0,925KvimtRH8,https://www.youtube.com/shorts/925KvimtRH8,https://www.youtube.com/shorts/5zMGA_UP2uc,https://www.youtube.com/shorts/93_DKa-3jLQ,People & Blogs,Film & Animation,People & Blogs,12,16,1.5,0,1,4
20260428_153457,2026-04-28T15:37:49.536097,neutral,neutral,0,0,gP9WvoEjyH4,https://www.youtube.com/shorts/gP9WvoEjyH4,https://www.youtube.com/shorts/925KvimtRH8,https://www.youtube.com/shorts/5zMGA_UP2uc,Entertainment,People & Blogs,Film & Animation,13,17,1.5,0,1,4
20260428_153457,2026-04-28T15:38:08.995205,neutral,neutral,0,0,4BRB0Ak8LiU,https://www.youtube.com/shorts/4BRB0Ak8LiU,https://www.youtube.com/shorts/gP9WvoEjyH4,https://www.youtube.com/shorts/925KvimtRH8,Gaming,Entertainment,People & Blogs,14,19,1.5,0,1,5
20260428_153457,2026-04-28T15:38:17.903528,neutral,neutral,0,0,OzoCs--fyOc,https://www.youtube.com/shorts/OzoCs--fyOc,https://www.youtube.com/shorts/4BRB0Ak8LiU,https://www.youtube.com/shorts/gP9WvoEjyH4,People & Blogs,Gaming,Entertainment,15,20,1.5,0,1,5
20260428_153825,2026-04-28T15:38:47.707154,neutral,neutral,0,0,oHlXU0xiPAY,https://www.youtube.com/shorts/oHlXU0xiPAY,,,People & Blogs,,,1,1,1.5,0,1,0
20260428_153825,2026-04-28T15:38:59.122322,neutral,neutral,0,0,Ty560jxR640,https://www.youtube.com/shorts/Ty560jxR640,https://www.youtube.com/shorts/oHlXU0xiPAY,,Entertainment,People & Blogs,,2,2,1.5,0,1,0
20260428_153825,2026-04-28T15:39:08.308556,neutral,neutral,0,0,1LauKtbgkpo,https://www.youtube.com/shorts/1LauKtbgkpo,https://www.youtube.com/shorts/Ty560jxR640,https://www.youtube.com/shorts/oHlXU0xiPAY,Education,Entertainment,People & Blogs,3,3,1.5,0,1,0
20260428_153825,2026-04-28T15:39:17.658269,neutral,neutral,0,0,L0T-QWKvLqU,https://www.youtube.com/shorts/L0T-QWKvLqU,https://www.youtube.com/shorts/1LauKtbgkpo,https://www.youtube.com/shorts/Ty560jxR640,People & Blogs,Education,Entertainment,4,4,1.5,0,1,0
20260428_153825,2026-04-28T15:39:26.720992,neutral,neutral,0,0,-wDbmAajWvM,https://www.youtube.com/shorts/-wDbmAajWvM,https://www.youtube.com/shorts/L0T-QWKvLqU,https://www.youtube.com/shorts/1LauKtbgkpo,People & Blogs,People & Blogs,Education,5,5,1.5,0,1,0
20260428_153825,2026-04-28T15:39:36.740013,neutral,neutral,0,0,OvKQhtYu_Hk,https://www.youtube.com/shorts/OvKQhtYu_Hk,https://www.youtube.com/shorts/-wDbmAajWvM,https://www.youtube.com/shorts/L0T-QWKvLqU,People & Blogs,People & Blogs,People & Blogs,6,6,1.5,0,1,0
20260428_153825,2026-04-28T15:39:45.622992,neutral,neutral,0,0,zYhVA5f69Sg,https://www.youtube.com/shorts/zYhVA5f69Sg,https://www.youtube.com/shorts/OvKQhtYu_Hk,https://www.youtube.com/shorts/-wDbmAajWvM,Howto & Style,People & Blogs,People & Blogs,7,7,1.5,0,1,0
20260428_153825,2026-04-28T15:39:55.948436,neutral,neutral,0,0,CVrKYlFTMiE,https://www.youtube.com/shorts/CVrKYlFTMiE,https://www.youtube.com/shorts/zYhVA5f69Sg,https://www.youtube.com/shorts/OvKQhtYu_Hk,People & Blogs,Howto & Style,People & Blogs,8,8,1.5,0,1,0
20260428_153825,2026-04-28T15:40:05.652378,neutral,neutral,0,0,jfF-F16k__k,https://www.youtube.com/shorts/jfF-F16k__k,https://www.youtube.com/shorts/CVrKYlFTMiE,https://www.youtube.com/shorts/zYhVA5f69Sg,Gaming,People & Blogs,Howto & Style,9,9,1.5,0,1,0
20260428_153825,2026-04-28T15:40:15.579568,neutral,neutral,0,0,igj2MwPdXpc,https://www.youtube.com/shorts/igj2MwPdXpc,https://www.youtube.com/shorts/jfF-F16k__k,https://www.youtube.com/shorts/CVrKYlFTMiE,Education,Gaming,People & Blogs,10,10,1.5,0,1,0
20260428_153825,2026-04-28T15:40:24.796183,neutral,neutral,0,0,KU_9f_CI0Zw,https://www.youtube.com/shorts/KU_9f_CI0Zw,https://www.youtube.com/shorts/igj2MwPdXpc,https://www.youtube.com/shorts/jfF-F16k__k,Entertainment,Education,Gaming,11,11,1.5,0,1,0
20260428_153825,2026-04-28T15:40:38.151513,neutral,neutral,0,0,EfbOo2KYaO0,https://www.youtube.com/shorts/EfbOo2KYaO0,https://www.youtube.com/shorts/KU_9f_CI0Zw,https://www.youtube.com/shorts/igj2MwPdXpc,Entertainment,Entertainment,Education,12,12,1.5,0,1,0
20260428_153825,2026-04-28T15:40:47.080601,neutral,neutral,0,0,XmTHwndZC5k,https://www.youtube.com/shorts/XmTHwndZC5k,https://www.youtube.com/shorts/EfbOo2KYaO0,https://www.youtube.com/shorts/KU_9f_CI0Zw,Entertainment,Entertainment,Entertainment,13,13,1.5,0,1,0
20260428_153825,2026-04-28T15:40:56.787005,neutral,neutral,0,0,q7yI57FI5Ck,https://www.youtube.com/shorts/q7yI57FI5Ck,https://www.youtube.com/shorts/XmTHwndZC5k,https://www.youtube.com/shorts/EfbOo2KYaO0,People & Blogs,Entertainment,Entertainment,14,14,1.5,0,1,0
20260428_153825,2026-04-28T15:41:05.538520,neutral,neutral,0,0,57JE0WEm2hY,https://www.youtube.com/shorts/57JE0WEm2hY,https://www.youtube.com/shorts/q7yI57FI5Ck,https://www.youtube.com/shorts/XmTHwndZC5k,People & Blogs,People & Blogs,Entertainment,15,15,1.5,0,1,0
20260428_154113,2026-04-28T15:41:35.438159,neutral,neutral,0,0,oHlXU0xiPAY,https://www.youtube.com/shorts/oHlXU0xiPAY,,,People & Blogs,,,1,1,1.5,0,1,0
20260428_154113,2026-04-28T15:41:46.979132,neutral,neutral,0,0,A7cvknWNR-E,https://www.youtube.com/shorts/A7cvknWNR-E,https://www.youtube.com/shorts/oHlXU0xiPAY,,Entertainment,People & Blogs,,2,2,1.5,0,1,0
20260428_154113,2026-04-28T15:41:56.656034,neutral,neutral,0,0,PAd_jE0GgLo,https://www.youtube.com/shorts/PAd_jE0GgLo,https://www.youtube.com/shorts/A7cvknWNR-E,https://www.youtube.com/shorts/oHlXU0xiPAY,Entertainment,Entertainment,People & Blogs,3,3,1.5,0,1,0
20260428_154113,2026-04-28T15:42:15.942444,neutral,neutral,0,0,URClpNeU2QQ,https://www.youtube.com/shorts/URClpNeU2QQ,https://www.youtube.com/shorts/PAd_jE0GgLo,https://www.youtube.com/shorts/A7cvknWNR-E,Entertainment,Entertainment,Entertainment,4,5,1.5,0,1,1
20260428_154113,2026-04-28T15:42:24.743809,neutral,neutral,0,0,NK9-nmfUyf4,https://www.youtube.com/shorts/NK9-nmfUyf4,https://www.youtube.com/shorts/URClpNeU2QQ,https://www.youtube.com/shorts/PAd_jE0GgLo,Travel & Events,Entertainment,Entertainment,5,6,1.5,0,1,1
20260428_154113,2026-04-28T15:42:43.409818,neutral,neutral,0,0,8l7HzQxFYbw,https://www.youtube.com/shorts/8l7HzQxFYbw,https://www.youtube.com/shorts/NK9-nmfUyf4,https://www.youtube.com/shorts/URClpNeU2QQ,People & Blogs,Travel & Events,Entertainment,6,8,1.5,0,1,2
20260428_154113,2026-04-28T15:42:53.056435,neutral,neutral,0,0,BY39DpvNJjY,https://www.youtube.com/shorts/BY39DpvNJjY,https://www.youtube.com/shorts/8l7HzQxFYbw,https://www.youtube.com/shorts/NK9-nmfUyf4,Entertainment,People & Blogs,Travel & Events,7,9,1.5,0,1,2
20260428_154113,2026-04-28T15:43:12.132235,neutral,neutral,0,0,ldW6nEm5Fac,https://www.youtube.com/shorts/ldW6nEm5Fac,https://www.youtube.com/shorts/BY39DpvNJjY,https://www.youtube.com/shorts/8l7HzQxFYbw,Entertainment,Entertainment,People & Blogs,8,11,1.5,0,1,3
20260428_154113,2026-04-28T15:43:21.637964,neutral,neutral,0,0,k--pkJcePTM,https://www.youtube.com/shorts/k--pkJcePTM,https://www.youtube.com/shorts/ldW6nEm5Fac,https://www.youtube.com/shorts/BY39DpvNJjY,Sports,Entertainment,Entertainment,9,12,1.5,0,1,3
20260428_154113,2026-04-28T15:43:30.432710,neutral,neutral,0,0,BPXArG8o0fA,https://www.youtube.com/shorts/BPXArG8o0fA,https://www.youtube.com/shorts/k--pkJcePTM,https://www.youtube.com/shorts/ldW6nEm5Fac,People & Blogs,Sports,Entertainment,10,13,1.5,0,1,3
20260428_154113,2026-04-28T15:43:40.470528,neutral,neutral,0,0,NT4K-ApfG2o,https://www.youtube.com/shorts/NT4K-ApfG2o,https://www.youtube.com/shorts/BPXArG8o0fA,https://www.youtube.com/shorts/k--pkJcePTM,People & Blogs,People & Blogs,Sports,11,14,1.5,0,1,3
20260428_154113,2026-04-28T15:43:59.028554,neutral,neutral,0,0,IhgYC8EN4ZI,https://www.youtube.com/shorts/IhgYC8EN4ZI,https://www.youtube.com/shorts/NT4K-ApfG2o,https://www.youtube.com/shorts/BPXArG8o0fA,Music,People & Blogs,People & Blogs,12,16,1.5,0,1,4
20260428_154113,2026-04-28T15:44:07.891329,neutral,neutral,0,0,-HalgS3nSOE,https://www.youtube.com/shorts/-HalgS3nSOE,https://www.youtube.com/shorts/IhgYC8EN4ZI,https://www.youtube.com/shorts/NT4K-ApfG2o,People & Blogs,Music,People & Blogs,13,17,1.5,0,1,4
20260428_154113,2026-04-28T15:44:27.031303,neutral,neutral,0,0,vrReqNUL944,https://www.youtube.com/shorts/vrReqNUL944,https://www.youtube.com/shorts/-HalgS3nSOE,https://www.youtube.com/shorts/IhgYC8EN4ZI,Comedy,People & Blogs,Music,14,19,1.5,0,1,5
20260428_154113,2026-04-28T15:44:36.680389,neutral,neutral,0,0,QlAlT5UNP18,https://www.youtube.com/shorts/QlAlT5UNP18,https://www.youtube.com/shorts/vrReqNUL944,https://www.youtube.com/shorts/-HalgS3nSOE,People & Blogs,Comedy,People & Blogs,15,20,1.5,0,1,5
20260428_154443,2026-04-28T15:45:05.666732,neutral,neutral,0,0,oHlXU0xiPAY,https://www.youtube.com/shorts/oHlXU0xiPAY,,,People & Blogs,,,1,1,1.5,0,1,0
20260428_154443,2026-04-28T15:45:16.958082,neutral,neutral,0,0,n_Um5LhTics,https://www.youtube.com/shorts/n_Um5LhTics,https://www.youtube.com/shorts/oHlXU0xiPAY,,People & Blogs,People & Blogs,,2,2,1.5,0,1,0
20260428_154443,2026-04-28T15:45:25.834465,neutral,neutral,0,0,pvCnVHbo36g,https://www.youtube.com/shorts/pvCnVHbo36g,https://www.youtube.com/shorts/n_Um5LhTics,https://www.youtube.com/shorts/oHlXU0xiPAY,People & Blogs,People & Blogs,People & Blogs,3,3,1.5,0,1,0
20260428_154443,2026-04-28T15:45:44.682770,neutral,neutral,0,0,q7yI57FI5Ck,https://www.youtube.com/shorts/q7yI57FI5Ck,https://www.youtube.com/shorts/pvCnVHbo36g,https://www.youtube.com/shorts/n_Um5LhTics,People & Blogs,People & Blogs,People & Blogs,4,5,1.5,0,1,1
20260428_154443,2026-04-28T15:45:53.986927,neutral,neutral,0,0,c3xA9v_tGmc,https://www.youtube.com/shorts/c3xA9v_tGmc,https://www.youtube.com/shorts/q7yI57FI5Ck,https://www.youtube.com/shorts/pvCnVHbo36g,Entertainment,People & Blogs,People & Blogs,5,6,1.5,0,1,1
20260428_154443,2026-04-28T15:46:13.631884,neutral,neutral,0,0,3UdlgyblOOs,https://www.youtube.com/shorts/3UdlgyblOOs,https://www.youtube.com/shorts/c3xA9v_tGmc,https://www.youtube.com/shorts/q7yI57FI5Ck,People & Blogs,Entertainment,People & Blogs,6,8,1.5,0,1,2
20260428_154443,2026-04-28T15:46:22.700926,neutral,neutral,0,0,oncROCIr_uw,https://www.youtube.com/shorts/oncROCIr_uw,https://www.youtube.com/shorts/3UdlgyblOOs,https://www.youtube.com/shorts/c3xA9v_tGmc,People & Blogs,People & Blogs,Entertainment,7,9,1.5,0,1,2
20260428_154443,2026-04-28T15:46:40.801715,neutral,neutral,0,0,r9Sw_0y9tBw,https://www.youtube.com/shorts/r9Sw_0y9tBw,https://www.youtube.com/shorts/oncROCIr_uw,https://www.youtube.com/shorts/3UdlgyblOOs,People & Blogs,People & Blogs,People & Blogs,8,11,1.5,0,1,3
20260428_154443,2026-04-28T15:46:50.407251,neutral,neutral,0,0,XMQT-HmIlXo,https://www.youtube.com/shorts/XMQT-HmIlXo,https://www.youtube.com/shorts/r9Sw_0y9tBw,https://www.youtube.com/shorts/oncROCIr_uw,People & Blogs,People & Blogs,People & Blogs,9,12,1.5,0,1,3
20260428_154443,2026-04-28T15:47:09.478462,neutral,neutral,0,0,kJC0MVIHouo,https://www.youtube.com/shorts/kJC0MVIHouo,https://www.youtube.com/shorts/XMQT-HmIlXo,https://www.youtube.com/shorts/r9Sw_0y9tBw,People & Blogs,People & Blogs,People & Blogs,10,14,1.5,0,1,4
20260428_154443,2026-04-28T15:47:18.317703,neutral,neutral,0,0,4BRB0Ak8LiU,https://www.youtube.com/shorts/4BRB0Ak8LiU,https://www.youtube.com/shorts/kJC0MVIHouo,https://www.youtube.com/shorts/XMQT-HmIlXo,Gaming,People & Blogs,People & Blogs,11,15,1.5,0,1,4
20260428_154443,2026-04-28T15:47:27.320080,neutral,neutral,0,0,um5Gi566B1A,https://www.youtube.com/shorts/um5Gi566B1A,https://www.youtube.com/shorts/4BRB0Ak8LiU,https://www.youtube.com/shorts/kJC0MVIHouo,People & Blogs,Gaming,People & Blogs,12,16,1.5,0,1,4
20260428_154443,2026-04-28T15:47:36.398409,neutral,neutral,0,0,6IorgzN4Cfs,https://www.youtube.com/shorts/6IorgzN4Cfs,https://www.youtube.com/shorts/um5Gi566B1A,https://www.youtube.com/shorts/4BRB0Ak8LiU,People & Blogs,People & Blogs,Gaming,13,17,1.5,0,1,4
20260428_154443,2026-04-28T15:47:56.154915,neutral,neutral,0,0,hWCLwdwcbrE,https://www.youtube.com/shorts/hWCLwdwcbrE,https://www.youtube.com/shorts/6IorgzN4Cfs,https://www.youtube.com/shorts/um5Gi566B1A,People & Blogs,People & Blogs,People & Blogs,14,19,1.5,0,1,5
20260428_154443,2026-04-28T15:48:04.925193,neutral,neutral,0,0,zImiRJxW4qg,https://www.youtube.com/shorts/zImiRJxW4qg,https://www.youtube.com/shorts/hWCLwdwcbrE,https://www.youtube.com/shorts/6IorgzN4Cfs,People & Blogs,People & Blogs,People & Blogs,15,20,1.5,0,1,5
20260428_154812,2026-04-28T15:48:33.501029,neutral,neutral,0,0,A7cvknWNR-E,https://www.youtube.com/shorts/A7cvknWNR-E,,,Entertainment,,,1,1,1.5,0,1,0
20260428_154812,2026-04-28T15:48:46.767450,neutral,neutral,0,0,kfzOQIivU0U,https://www.youtube.com/shorts/kfzOQIivU0U,https://www.youtube.com/shorts/A7cvknWNR-E,,Film & Animation,Entertainment,,2,2,1.5,0,1,0
20260428_154812,2026-04-28T15:48:55.692799,neutral,neutral,0,0,I9GcA3shryQ,https://www.youtube.com/shorts/I9GcA3shryQ,https://www.youtube.com/shorts/kfzOQIivU0U,https://www.youtube.com/shorts/A7cvknWNR-E,Gaming,Film & Animation,Entertainment,3,3,1.5,0,1,0
20260428_154812,2026-04-28T15:49:14.720618,neutral,neutral,0,0,Cww4cudvFw8,https://www.youtube.com/shorts/Cww4cudvFw8,https://www.youtube.com/shorts/I9GcA3shryQ,https://www.youtube.com/shorts/kfzOQIivU0U,Entertainment,Gaming,Film & Animation,4,5,1.5,0,1,1
20260428_154812,2026-04-28T15:49:24.009032,neutral,neutral,0,0,b87aJo6XygY,https://www.youtube.com/shorts/b87aJo6XygY,https://www.youtube.com/shorts/Cww4cudvFw8,https://www.youtube.com/shorts/I9GcA3shryQ,People & Blogs,Entertainment,Gaming,5,6,1.5,0,1,1
20260428_154812,2026-04-28T15:49:43.766324,neutral,neutral,0,0,0tjlHWEJ-OI,https://www.youtube.com/shorts/0tjlHWEJ-OI,https://www.youtube.com/shorts/b87aJo6XygY,https://www.youtube.com/shorts/Cww4cudvFw8,Entertainment,People & Blogs,Entertainment,6,8,1.5,0,1,2
20260428_154812,2026-04-28T15:49:53.084618,neutral,neutral,0,0,0KfxmGPVvnU,https://www.youtube.com/shorts/0KfxmGPVvnU,https://www.youtube.com/shorts/0tjlHWEJ-OI,https://www.youtube.com/shorts/b87aJo6XygY,Entertainment,Entertainment,People & Blogs,7,9,1.5,0,1,2
20260428_154812,2026-04-28T15:50:11.360401,neutral,neutral,0,0,7Hj_vuM0bYA,https://www.youtube.com/shorts/7Hj_vuM0bYA,https://www.youtube.com/shorts/0KfxmGPVvnU,https://www.youtube.com/shorts/0tjlHWEJ-OI,People & Blogs,Entertainment,Entertainment,8,11,1.5,0,1,3
20260428_154812,2026-04-28T15:50:24.372839,neutral,neutral,0,0,2W3Sx2UlzSU,https://www.youtube.com/shorts/2W3Sx2UlzSU,https://www.youtube.com/shorts/7Hj_vuM0bYA,https://www.youtube.com/shorts/0KfxmGPVvnU,People & Blogs,People & Blogs,Entertainment,9,12,1.5,0,1,3
20260428_154812,2026-04-28T15:50:33.502085,neutral,neutral,0,0,6V_5CFJhNOU,https://www.youtube.com/shorts/6V_5CFJhNOU,https://www.youtube.com/shorts/2W3Sx2UlzSU,https://www.youtube.com/shorts/7Hj_vuM0bYA,People & Blogs,People & Blogs,People & Blogs,10,13,1.5,0,1,3
20260428_154812,2026-04-28T15:50:48.295624,neutral,neutral,0,0,9uUorykO8Tk,https://www.youtube.com/shorts/9uUorykO8Tk,https://www.youtube.com/shorts/6V_5CFJhNOU,https://www.youtube.com/shorts/2W3Sx2UlzSU,Entertainment,People & Blogs,People & Blogs,11,14,1.5,0,1,3
20260428_154812,2026-04-28T15:51:07.454539,neutral,neutral,0,0,TCx3rw33RlA,https://www.youtube.com/shorts/TCx3rw33RlA,https://www.youtube.com/shorts/9uUorykO8Tk,https://www.youtube.com/shorts/6V_5CFJhNOU,People & Blogs,Entertainment,People & Blogs,12,16,1.5,0,1,4
20260428_154812,2026-04-28T15:51:16.241234,neutral,neutral,0,0,qHoc0lmF8uY,https://www.youtube.com/shorts/qHoc0lmF8uY,https://www.youtube.com/shorts/TCx3rw33RlA,https://www.youtube.com/shorts/9uUorykO8Tk,Gaming,People & Blogs,Entertainment,13,17,1.5,0,1,4
20260428_154812,2026-04-28T15:51:25.342306,neutral,neutral,0,0,dMHcoQ8Wv4Y,https://www.youtube.com/shorts/dMHcoQ8Wv4Y,https://www.youtube.com/shorts/qHoc0lmF8uY,https://www.youtube.com/shorts/TCx3rw33RlA,People & Blogs,Gaming,People & Blogs,14,18,1.5,0,1,4
20260428_154812,2026-04-28T15:51:34.328284,neutral,neutral,0,0,QFWR2fEAqa0,https://www.youtube.com/shorts/QFWR2fEAqa0,https://www.youtube.com/shorts/dMHcoQ8Wv4Y,https://www.youtube.com/shorts/qHoc0lmF8uY,People & Blogs,People & Blogs,Gaming,15,19,1.5,0,1,4
20260428_155141,2026-04-28T15:52:04.233981,neutral,neutral,0,0,BY39DpvNJjY,https://www.youtube.com/shorts/BY39DpvNJjY,,,Entertainment,,,1,1,1.5,0,1,0
20260428_155141,2026-04-28T15:52:15.336014,neutral,neutral,0,0,TQJc8sYvIsI,https://www.youtube.com/shorts/TQJc8sYvIsI,https://www.youtube.com/shorts/BY39DpvNJjY,,People & Blogs,Entertainment,,2,2,1.5,0,1,0
20260428_155141,2026-04-28T15:52:25.334373,neutral,neutral,0,0,lFrIiPEUsU0,https://www.youtube.com/shorts/lFrIiPEUsU0,https://www.youtube.com/shorts/TQJc8sYvIsI,https://www.youtube.com/shorts/BY39DpvNJjY,People & Blogs,People & Blogs,Entertainment,3,3,1.5,0,1,0
20260428_155141,2026-04-28T15:52:44.119314,neutral,neutral,0,0,GjojoSwifpM,https://www.youtube.com/shorts/GjojoSwifpM,https://www.youtube.com/shorts/lFrIiPEUsU0,https://www.youtube.com/shorts/TQJc8sYvIsI,Entertainment,People & Blogs,People & Blogs,4,5,1.5,0,1,1
20260428_155141,2026-04-28T15:52:53.584057,neutral,neutral,0,0,0vkuY29IOUA,https://www.youtube.com/shorts/0vkuY29IOUA,https://www.youtube.com/shorts/GjojoSwifpM,https://www.youtube.com/shorts/lFrIiPEUsU0,Film & Animation,Entertainment,People & Blogs,5,6,1.5,0,1,1
20260428_155141,2026-04-28T15:53:12.736986,neutral,neutral,0,0,0cEX5IUSByU,https://www.youtube.com/shorts/0cEX5IUSByU,https://www.youtube.com/shorts/0vkuY29IOUA,https://www.youtube.com/shorts/GjojoSwifpM,People & Blogs,Film & Animation,Entertainment,6,8,1.5,0,1,2
20260428_155141,2026-04-28T15:53:21.688749,neutral,neutral,0,0,jfF-F16k__k,https://www.youtube.com/shorts/jfF-F16k__k,https://www.youtube.com/shorts/0cEX5IUSByU,https://www.youtube.com/shorts/0vkuY29IOUA,Gaming,People & Blogs,Film & Animation,7,9,1.5,0,1,2
20260428_155141,2026-04-28T15:53:40.537559,neutral,neutral,0,0,YumnRLgWPxw,https://www.youtube.com/shorts/YumnRLgWPxw,https://www.youtube.com/shorts/jfF-F16k__k,https://www.youtube.com/shorts/0cEX5IUSByU,People & Blogs,Gaming,People & Blogs,8,11,1.5,0,1,3
20260428_155141,2026-04-28T15:53:49.329635,neutral,neutral,0,0,zrpc6Aj5s7o,https://www.youtube.com/shorts/zrpc6Aj5s7o,https://www.youtube.com/shorts/YumnRLgWPxw,https://www.youtube.com/shorts/jfF-F16k__k,People & Blogs,People & Blogs,Gaming,9,12,1.5,0,1,3
20260428_155141,2026-04-28T15:54:07.968481,neutral,neutral,0,0,93_DKa-3jLQ,https://www.youtube.com/shorts/93_DKa-3jLQ,https://www.youtube.com/shorts/zrpc6Aj5s7o,https://www.youtube.com/shorts/YumnRLgWPxw,People & Blogs,People & Blogs,People & Blogs,10,14,1.5,0,1,4
20260428_155141,2026-04-28T15:54:17.022942,neutral,neutral,0,0,oYXKaNN_tG0,https://www.youtube.com/shorts/oYXKaNN_tG0,https://www.youtube.com/shorts/93_DKa-3jLQ,https://www.youtube.com/shorts/zrpc6Aj5s7o,People & Blogs,People & Blogs,People & Blogs,11,15,1.5,0,1,4
20260428_155141,2026-04-28T15:54:25.522502,neutral,neutral,0,0,IhgYC8EN4ZI,https://www.youtube.com/shorts/IhgYC8EN4ZI,https://www.youtube.com/shorts/oYXKaNN_tG0,https://www.youtube.com/shorts/93_DKa-3jLQ,Music,People & Blogs,People & Blogs,12,16,1.5,0,1,4
20260428_155141,2026-04-28T15:54:35.409743,neutral,neutral,0,0,3eYMBnzsH7o,https://www.youtube.com/shorts/3eYMBnzsH7o,https://www.youtube.com/shorts/IhgYC8EN4ZI,https://www.youtube.com/shorts/oYXKaNN_tG0,Howto & Style,Music,People & Blogs,13,17,1.5,0,1,4
20260428_155141,2026-04-28T15:54:54.153726,neutral,neutral,0,0,zYhVA5f69Sg,https://www.youtube.com/shorts/zYhVA5f69Sg,https://www.youtube.com/shorts/3eYMBnzsH7o,https://www.youtube.com/shorts/IhgYC8EN4ZI,Howto & Style,Howto & Style,Music,14,19,1.5,0,1,5
20260428_155141,2026-04-28T15:55:03.165377,neutral,neutral,0,0,lA7x2ZItJNM,https://www.youtube.com/shorts/lA7x2ZItJNM,https://www.youtube.com/shorts/zYhVA5f69Sg,https://www.youtube.com/shorts/3eYMBnzsH7o,People & Blogs,Howto & Style,Howto & Style,15,20,1.5,0,1,5
